<?xml version="1.0" encoding="UTF-8"?>
<metadata tileno="L3-E43H01-094-059-13oct08">
<author>National Remote Sensing Centre,ISRO</author>
<author_URL>http://bhuvan-noeda.nrsc.gov.in</author_URL>
<Data_Identification_Information>
<Name_of_the_Dataset>L3_SAT_8B_v1_73E18.75N_E43H01_13oct08</Name_of_the_Dataset>
<Keywords>Resourcesat-1,LISS-III,24m,India,ISRO,NRSC,Ortho</Keywords>
<Access_Constraints xml:space="preserve"> Registered Users </Access_Constraints>
<Use_Constraints xml:space="preserve"> As per NRSC Data Dissemination Policy</Use_Constraints>
<Purpose_of_creating_data xml:space="preserve">Ortho Corrected Imagery from IRS-Resourcesat-1 </Purpose_of_creating_data>
<Edition>First</Edition>
<Status>Completed</Status>
</Data_Identification_Information>
<Contact_Information>
<Contact_Person xml:space="preserve"> Group Director,NDC </Contact_Person>
<Organisation xml:space="preserve"> National Remote Sensing Centre</Organisation>
<Mailing_Address>Balanagar</Mailing_Address>
<City>Hyderabad</City>
<Country>India</Country>
<Contact_Telephone>04023884422/23</Contact_Telephone>
<Contact_Fax>04023878158</Contact_Fax>
<Contact_Email>gdndc@nrsc.gov.in</Contact_Email>
</Contact_Information>
<Geographic_Location>
<Spheroid_Datum> GCS, WGS-1984</Spheroid_Datum>
</Geographic_Location>
<Coverage>
<Upper_left>X = 73E, Y = 19N </Upper_left>
<Upper_right>X = 73.25E, Y = 19N </Upper_right>
<Lower_right>X = 73.25E, Y = 18.75N </Lower_right>
<Lower_left>X = 73E, Y = 18.75N </Lower_left>
</Coverage>
<Citation>
<Data_Prepared_by>NRSC</Data_Prepared_by>
<Original_Source xml:space="preserve">Resourcesat-1 LISS-III Data</Original_Source>
<Lineage>
<Tile_Name>E43H01    </Tile_Name>
<Resolution xml:space="preserve">0.000225Deg</Resolution>
<File_Format>Geotiff</File_Format>
</Lineage>
</Citation>
<Metadata_Stamp>
<Metadata_Date_Stamp>02/01/2012</Metadata_Date_Stamp>
</Metadata_Stamp>
<Dataset_Topic_Category>
<Data_Identification_topic_category xml:space="preserve">Ortho Rectified Data</Data_Identification_topic_category>
</Dataset_Topic_Category>
<Language>
<language>English</language>
</Language>
<Abstract_describing_the_data>
<Data_Identification_Abstract xml:space="preserve"> This data is received from Linear Imaging and Self Scanning Sensor (LISS) which operates in three spectral bands in VNIR and one band in SWIR with 23.5 metre spatial resolution and a swath of 141 km.</Data_Identification_Abstract>
</Abstract_describing_the_data>
<For_Image_Data>
<Name_of_the_Satellite>Resourcesat-1</Name_of_the_Satellite>
<Sensor>LISS-III</Sensor>
<Path>094</Path>
<Row>059</Row>
<Image_Acquired_From>Resourcesat-1</Image_Acquired_From>
<Date_of_Pass>13oct08</Date_of_Pass>
<File_Format>Geotiff</File_Format>
<Spatial_Resolution xml:space="preserve">0.000225 Deg</Spatial_Resolution>
<Spatial_Resolution_Unit>deg</Spatial_Resolution_Unit>
<Number_of_Bands>4</Number_of_Bands>
</For_Image_Data>
</metadata>
